Catina Maggart	m	red	25
Wen Varela	f	red	16
Vernetta Kornfeld	m	red	29
Jacquelynn Shores	f	black	19
Gita Veach	f	red	18
Latarsha Martine	m	blue	19
Lawanda Lafortune	f	black	28
Kasie Pantoja	m	green	22
Nettie Minter	m	green	29
Lauralee Maurin	m	blue	26
Susan Audia	m	red	21
Darrin Montalbano	m	green	22
Tierra Levier	m	white	14
Farah Huey	f	red	19
Lorean Farless	f	green	18
Chaya Askey	f	red	25
Chang Lando	m	white	25
Elfriede Halperin	m	blue	28
Perla Adolph	f	red	19
Jolynn Solem	m	red	23
Synthia Beauford	m	green	27
Dung Kirsh	m	green	23
Marielle Hertzog	m	red	24
Alden Mai	f	blue	27
Chad Frahm	m	green	16
Tyesha Seigel	f	red	14
Ahmad Oller	f	blue	15
Kristi Pizarro	f	green	24
Christena Freed	m	white	14
Berry Chiesa	f	green	23
Addie Dehner	m	black	23
Lory Javier	f	white	26
Magdalene Spears	m	green	28
Arielle Alpaugh	f	red	28
Joye Konkel	f	green	27
Alix Camburn	m	red	23
Lorie Dibernardo	f	white	23
Bettie Koziel	m	green	21
Sung Caul	f	black	16
Exie Nantz	f	blue	16
Mandy Burgio	m	red	29
Norma Harps	m	white	16
Maren Schaber	m	black	14
Houston Parsley	m	white	15
Carolyne Schoen	f	blue	22
Lora Twomey	m	blue	18
Deloras Collins	m	white	17
Abe Hageman	f	green	26
Joetta Wanamaker	f	blue	16
Russell Fore	m	blue	19
Eloise Wildes	f	white	16
Carlos Snipes	m	white	20
Delphine Smock	f	black	15
Ronald Nielson	f	blue	25
Ezekiel Wesely	m	white	27
Tawna Angeles	m	blue	20
Melanie Brenneman	f	blue	14
Cayla Waye	f	black	23
Jin Sterner	m	black	19
Alena Lasseter	f	blue	20
Georgette Ketner	m	black	27
Loria Ochs	m	green	28
Harold Redrick	m	green	25
Bridgett Lenig	f	white	24
Vanesa Majeed	m	white	26
Erna Giunta	m	green	18
Jeramy Ridgell	f	green	29
Joycelyn Silvester	f	black	20
Darby Waddle	m	white	22
Veronica Flaugher	f	white	16
Keren Pettiford	f	white	21
Maria Warkentin	f	red	15
Calandra Vangilder	m	red	24
Leatha Cabral	f	green	20
Toni Pita	m	white	29
Shayla Say	m	red	28
Iluminada Thorington	f	white	19
Marcy Janowski	m	black	29
Kasi Viger	m	red	26
Michel Hosey	m	blue	27
Trudi Edelstein	m	white	22
Christie Bechtel	m	white	15
Yolonda Updegraff	f	green	26
Una Ohman	f	green	19
Shalon Tooker	f	white	18
Dodie Bhakta	f	black	17
Lavina Bellone	f	red	21
Lenore Fritsche	m	green	16
Jeffie Spells	m	blue	28
Delinda Burtch	m	blue	22
Dorthy Faas	m	green	29
Garnet Kerman	m	green	23
Romana Jacobson	m	red	22
Debby Bracken	m	white	28
Magan Deibler	f	blue	16
Eliz Huertas	m	blue	29
Evia Marcinkowski	m	white	23
Britany Kalish	m	red	18
Jenniffer Gum	m	green	25
Kaye Thorn	m	black	15
